{
  "baseline": {
    "PSNR": 30.19097353791936,
    "SSIM": 0.7488336153925147
  },
  "model": {
    "PSNR": 34.231106492601945,
    "SSIM": 0.9180456418558262
  },
  "delta": {
    "PSNR_dB": 4.040132954682587,
    "SSIM": 0.16921202646331146
  },
  "n": 1311
}